POP名,设备IP,设备类型,单板类型,操作系统,磁盘大小,内存大小,CPU主频,自定义脚本版本,业务版本
CenterNode,101.95.77.233,epg,R3,11.1,222GB,23GB,2.40GHz*8,---,EPG:,0
CenterNode,101.95.77.234,epg,R3,11.1,222GB,23GB,2.40GHz*8,---,EPG:,0
CenterNode,124.75.34.10,acs,R2,10.1,60GB,8GB,2.13GHz*4,acs:2.1,ACS:IPTV-MEM-V100R003C60LSHD01,0
CenterNode,124.75.34.107,mgmt,R2PLUS,10.1,128GB,8GB,2.33GHz*4,---,MGMT:IPTV-MEM-V100R003C60LSHD01,0
CenterNode,124.75.34.109,eds,R2PLUS,10.1,128GB,16GB,2.33GHz*4,eds:2.1,EDS:IPTV-MEM-V100R003C60LSHD01,0
CenterNode,124.75.34.110,eds,R2PLUS,10.1,128GB,8GB,2.33GHz*4,eds:2015.09.18.0935,EDS:IPTV-MEM-V100R003C60LSHD01,0
CenterNode,124.75.34.119,hms,R2PLUS,10.1,9313GB,16GB,2.33GHz*4,hms: V1.03,HMS:V100R003C06B635SPC012,0
CenterNode,124.75.34.12,rrs,R3,11.1,222GB,23GB,2.40GHz*8,---,RRS:V100R003C06B635SPC011,0
CenterNode,124.75.34.120,hms,R2PLUS,10.1,9313GB,16GB,2.33GHz*4,hms: V1.03,HMS:V100R003C06B635SPC012,0
CenterNode,124.75.34.125,epg,R2,11.1,59GB,4GB,2.13GHz*2,epg:2.1,EPG:IPTV-MEM-V100R003C60LSHD01,0
CenterNode,124.75.34.13,rrs,R3,11.1,222GB,23GB,2.40GHz*8,---,RRS:V100R003C06B635SPC011,0
CenterNode,124.75.34.22,hms,---,---,---,---,---,---,---,0
CenterNode,124.75.34.24,hms,R2PLUS,10.1,9313GB,16GB,2.33GHz*4,hms: V1.03,HMS:V100R003C06B635SPC012,0
CenterNode,124.75.34.25,hms,R2PLUS,10.1,9313GB,16GB,2.33GHz*4,hms: V1.03,HMS:V100R003C06B635SPC012,0
CenterNode,124.75.34.26,hms,R2PLUS,10.1,9313GB,16GB,2.33GHz*4,hms: V1.03,HMS:V100R003C06B635SPC012,0
CenterNode,124.75.34.27,hms,R2PLUS,10.1,9313GB,16GB,2.33GHz*4,hms: V1.03,HMS:V100R003C06B635SPC012,0
CenterNode,124.75.34.28,hms,R2PLUS,10.1,9313GB,16GB,2.33GHz*4,hms: V1.03,HMS:V100R003C06B635SPC012,0
CenterNode,124.75.34.29,hms,R2PLUS,10.1,9313GB,16GB,2.33GHz*4,hms: V1.03,HMS:V100R003C06B635SPC012,0
CenterNode,124.75.34.30,hms,R2PLUS,10.1,9313GB,16GB,2.33GHz*4,hms: V1.03,HMS:V100R003C06B635SPC012,0
CenterNode,124.75.34.31,um,R2,10.1,60GB,8GB,2.13GHz*4,---,UM:,0
CenterNode,124.75.34.32,um,R2,10.1,60GB,8GB,2.13GHz*4,---,UM:,0
CenterNode,124.75.34.35,um,R2,11.1,59GB,7GB,2.13GHz*4,---,UM:V100R003C06B633,0
CenterNode,124.75.34.36,um,R2,11.1,59GB,7GB,2.13GHz*4,---,UM:V100R003C06B633,0
CenterNode,124.75.34.40,cmi,R2PLUS,10.2,128GB,8GB,2.13GHz*4,---,CMI:V100R003C06B635SPC012,0
CenterNode,124.75.34.60,mc,R2,11.1,59GB,7GB,2.13GHz*4,---,MC:V100R003C06B635SPC012,0
CenterNode,124.75.34.8,hms,R3,11.1,46245GB,47GB,2.40GHz*8,---,HMS:V100R003C06B635SPC012,0
CenterNode,124.75.34.9,acs,R2,10.1,60GB,8GB,2.13GHz*4,acs:2.1,ACS:IPTV-MEM-V100R003C60LSHD01,0
CenterNode,124.75.34.97,mm,R2PLUS,10.1,129GB,8GB,2.13GHz*4,---,MM:V100R003C06B635SPC012,0
CenterNode,124.75.34.98,mm,R2PLUS,10.1,129GB,8GB,2.13GHz*4,---,MM:V100R003C06B635SPC012,0
CenterNode,124.75.35.118,epg,R2,10.1,60GB,8GB,2.13GHz*4,epg:2.1,EPG:IPTV-MEM-V100R003C60LSHD01,0
CenterNode,124.75.35.119,epg,R2,10.1,60GB,8GB,2.13GHz*4,epg:2.1,EPG:IPTV-MEM-V100R003C60LSHD01,0
CenterNode,124.75.35.120,epg,R2,10.1,60GB,8GB,2.13GHz*4,epg:2.1,EPG:IPTV-MEM-V100R003C60LSHD01,0
CenterNode,124.75.35.121,epg,R2,10.1,60GB,8GB,2.13GHz*4,epg:2.1,EPG:IPTV-MEM-V100R003C60LSHD01,0
CenterNode,124.75.35.15,upgrade,R2,11.1,59GB,7GB,2.13GHz*4,upgrade:2.1,UPGRADE:,0
CenterNode,218.83.180.54,upgrade,---,---,---,---,---,---,---,0
SUB1_BS,10.192.84.169,hms,R3,11.1,27909GB,47GB,2.40GHz*8,---,HMS:V100R003C06B635SPC012,0
SUB1_BS,10.192.84.170,hms,R3,11.1,28139GB,47GB,2.40GHz*8,---,HMS:V100R003C06B635SPC012,0
SUB1_BS,124.75.36.32,hms,R2PLUS,10.1,9313GB,16GB,2.33GHz*4,hms: V1.03,HMS:V100R003C06B635SPC012,0
SUB1_BS,124.75.36.33,hms,R2PLUS,10.1,9313GB,16GB,2.33GHz*4,hms: V1.03,HMS:V100R003C06B635SPC012,0
SUB1_BS,124.75.36.43,hms,R2,10.1,9244GB,8GB,2.13GHz*4,---,HMS:V100R003C06B635SPC012,0
SUB1_BS,124.75.36.44,hms,R2,10.1,9244GB,8GB,2.13GHz*4,---,HMS:V100R003C06B635SPC012,0
SUB1_BS,124.75.36.45,hms,R2,10.1,9244GB,8GB,2.13GHz*4,---,HMS:V100R003C06B635SPC012,0
SUB1_BS,124.75.36.46,hms,---,---,---,---,---,---,---,0
SUB1_BS,124.75.36.47,hms,---,---,---,---,---,---,---,0
SUB1_BS,124.75.36.50,rrs,R2,11.1,59GB,7GB,2.13GHz*4,---,RRS:V100R003C06B635SPC011,0
SUB1_BS,124.75.36.51,rrs,R2,11.1,59GB,7GB,2.13GHz*4,---,RRS:V100R003C06B635SPC011,0
SUB1_BS,124.75.36.70,epg,R2,10.1,60GB,8GB,2.13GHz*4,epg:2.1,EPG:IPTV-MEM-V100R003C60LSHD01,0
SUB1_BS,124.75.36.71,epg,R2,10.1,60GB,8GB,2.13GHz*4,epg:2.1,EPG:IPTV-MEM-V100R003C60LSHD01,0
BS_EDGE3,222.68.217.10,hms,R2,10.2,2171GB,8GB,2.13GHz*4,hms: V1.03,HMS:V100R003C06B635SPC012,0
BS_EDGE3,222.68.217.100,epg,R2,10.2,60GB,8GB,2.13GHz*4,epg:2.1,EPG:IPTV-MEM-V100R003C60LSHD01,0
BS_EDGE3,222.68.217.101,epg,R2,10.2,60GB,8GB,2.13GHz*4,epg:2.1,EPG:IPTV-MEM-V100R003C60LSHD01,0
BS_EDGE3,222.68.217.11,hms,R2,10.2,2275GB,8GB,2.13GHz*4,hms: V1.03,HMS:V100R003C06B635SPC012,0
BS_EDGE3,222.68.217.12,hms,R2,10.2,2171GB,8GB,2.13GHz*4,hms: V1.03,HMS:V100R003C06B635SPC012,0
BS_EDGE3,222.68.217.13,hms,R2,10.2,2275GB,8GB,2.13GHz*4,hms: V1.03,HMS:V100R003C06B635SPC012,0
BS_EDGE3,222.68.217.14,hms,R2,10.2,2171GB,8GB,2.13GHz*4,hms: V1.03,HMS:V100R003C06B635SPC012,0
BS_EDGE3,222.68.217.16,hms,R2,10.2,2171GB,8GB,2.13GHz*4,hms: V1.03,HMS:V100R003C06B635SPC012,0
BS_EDGE3,222.68.217.17,hms,R2,10.2,2275GB,8GB,2.13GHz*4,hms: V1.03,HMS:V100R003C06B635SPC012,0
BS_EDGE4,222.68.205.137,hms,R2,10.2,2191GB,8GB,2.13GHz*4,hms: V1.03,HMS:V100R003C06B635SPC012,0
BS_EDGE4,222.68.205.138,hms,R2,10.2,2295GB,8GB,2.13GHz*4,hms: V1.03,HMS:V100R003C06B635SPC012,0
BS_EDGE4,222.68.205.139,hms,R2,10.2,2191GB,8GB,2.13GHz*4,hms: V1.03,HMS:V100R003C06B635SPC012,0
BS_EDGE4,222.68.205.140,hms,R2,10.2,2295GB,8GB,2.13GHz*4,hms: V1.03,HMS:V100R003C06B635SPC012,0
BS_EDGE4,222.68.205.141,hms,R2,10.2,2191GB,8GB,2.13GHz*4,hms: V1.03,HMS:V100R003C06B635SPC012,0
BS_EDGE4,222.68.205.142,hms,R2,10.2,2295GB,8GB,2.13GHz*4,hms: V1.03,HMS:V100R003C06B635SPC012,0
BS_EDGE4,222.68.205.143,hms,R2,10.2,2191GB,8GB,2.13GHz*4,hms: V1.03,HMS:V100R003C06B635SPC012,0
BS_EDGE4,222.68.205.144,hms,R2,10.2,2295GB,8GB,2.13GHz*4,hms: V1.03,HMS:V100R003C06B635SPC012,0
BS_EDGE4,222.68.205.145,hms,R2,10.2,2191GB,8GB,2.13GHz*4,hms: V1.03,HMS:V100R003C06B635SPC012,0
BS_EDGE4,222.68.205.146,hms,R2,10.2,2295GB,8GB,2.13GHz*4,hms: V1.03,HMS:V100R003C06B635SPC012,0
BS_EDGE4,222.68.205.228,epg,R2,10.2,60GB,8GB,2.13GHz*4,epg:2.1,EPG:IPTV-MEM-V100R003C60LSHD01,0
BS_EDGE4,222.68.205.229,epg,R2,10.2,60GB,8GB,2.13GHz*4,epg:2.1,EPG:IPTV-MEM-V100R003C60LSHD01,0
BS_EDGE6,218.83.182.201,hms,R2PLUS,10.1,2789GB,16GB,2.13GHz*4,hms: V1.03,HMS:V100R003C06B635SPC012,0
BS_EDGE6,218.83.182.202,hms,R2PLUS,10.1,2789GB,16GB,2.13GHz*4,hms: V1.03,HMS:V100R003C06B635SPC012,0
BS_EDGE6,218.83.182.203,hms,R2PLUS,10.1,2789GB,16GB,2.13GHz*4,hms: V1.03,HMS:V100R003C06B635SPC012,0
BS_EDGE6,218.83.182.204,hms,R2PLUS,10.1,2789GB,16GB,2.13GHz*4,hms: V1.03,HMS:V100R003C06B635SPC012,0
BS_EDGE6,218.83.182.205,hms,R2PLUS,10.1,2789GB,16GB,2.13GHz*4,hms: V1.03,HMS:V100R003C06B635SPC012,0
BS_EDGE6,218.83.183.244,epg,R2PLUS,10.1,126GB,16GB,2.13GHz*4,epg:2.1,EPG:IPTV-MEM-V100R003C60LSHD01,0
BS_EDGE6,218.83.183.245,epg,R2PLUS,10.1,126GB,16GB,2.13GHz*4,epg:2.1,EPG:IPTV-MEM-V100R003C60LSHD01,0
BS_EDGE5,218.83.182.137,hms,R2PLUS,10.1,2789GB,16GB,2.13GHz*4,hms: V1.03,HMS:V100R003C06B635SPC012,0
BS_EDGE5,218.83.182.138,hms,R2PLUS,10.1,2792GB,16GB,2.13GHz*4,hms: V1.03,HMS:V100R003C06B635SPC012,0
BS_EDGE5,218.83.182.139,hms,R2PLUS,10.1,2792GB,16GB,2.13GHz*4,hms: V1.03,HMS:V100R003C06B635SPC012,0
BS_EDGE5,218.83.182.140,hms,R2PLUS,10.1,2789GB,16GB,2.13GHz*4,hms: V1.03,HMS:V100R003C06B635SPC012,0
BS_EDGE5,218.83.182.141,hms,R2PLUS,10.1,2789GB,16GB,2.13GHz*4,hms: V1.03,HMS:V100R003C06B635SPC012,0
BS_EDGE5,218.83.183.228,epg,R2PLUS,10.1,126GB,16GB,2.13GHz*4,epg:2.1,EPG:IPTV-MEM-V100R003C60LSHD01,0
BS_EDGE5,218.83.183.229,epg,R2PLUS,10.1,126GB,16GB,2.13GHz*4,epg:2.1,EPG:IPTV-MEM-V100R003C60LSHD01,0
BS_EDGE7,218.83.168.169,hms,R2PLUS,10.1,9313GB,16GB,2.33GHz*4,hms: V1.03,HMS:V100R003C06B635SPC012,0
BS_EDGE7,218.83.168.170,hms,R2PLUS,10.1,9443GB,16GB,2.33GHz*4,hms: V1.03,HMS:V100R003C06B635SPC012,0
BS_EDGE7,218.83.168.171,hms,R2PLUS,10.1,9313GB,16GB,2.33GHz*4,hms: V1.03,HMS:V100R003C06B635SPC012,0
BS_EDGE7,218.83.168.172,hms,R2PLUS,10.1,9313GB,16GB,2.33GHz*4,hms: V1.03,HMS:V100R003C06B635SPC012,0
BS_EDGE7,218.83.168.173,hms,R2PLUS,10.1,9313GB,16GB,2.33GHz*4,hms: V1.03,HMS:V100R003C06B635SPC012,0
BS_EDGE7,218.83.168.244,epg,R2PLUS,10.1,128GB,16GB,2.33GHz*4,epg:2.1,EPG:IPTV-MEM-V100R003C60LSHD01,0
BS_EDGE7,218.83.168.245,epg,R2PLUS,10.1,126GB,16GB,2.13GHz*4,epg:2.1,EPG:IPTV-MEM-V100R003C60LSHD01,0
BS_EDGE8,10.192.84.137,hms,R3,11.1,55854GB,47GB,2.40GHz*8,hms: V1.03,HMS:V100R003C06B635SPC012,0
BS_EDGE8,10.192.84.138,hms,R3,11.1,56084GB,47GB,2.40GHz*8,hms: V1.03,HMS:V100R003C06B635SPC012,0
BS_EDGE8,10.192.84.139,hms,R3,11.1,55854GB,47GB,2.40GHz*8,hms: V1.03,HMS:V100R003C06B635SPC012,0
BS_EDGE8,10.192.84.140,hms,R3,11.1,56084GB,47GB,2.40GHz*8,hms: V1.03,HMS:V100R003C06B635SPC012,0
BS_EDGE8,101.95.77.121,epg,R3,11.1,207GB,23GB,2.40GHz*8,epg:2.1,EPG:IPTV-MEM-V100R003C60LSHD01,0
BS_EDGE8,101.95.77.122,epg,R3,11.1,207GB,23GB,2.40GHz*8,epg:2.1,EPG:IPTV-MEM-V100R003C60LSHD01,0
awangtest,124.75.37.25,hms,---,---,---,---,---,---,---,0
SUB2_NQ,124.75.38.32,hms,R2PLUS,10.1,9313GB,16GB,2.33GHz*4,hms: V1.03,HMS:V100R003C06B635SPC012,0
SUB2_NQ,124.75.38.33,hms,R2PLUS,10.1,9443GB,16GB,2.33GHz*4,hms: V1.03,HMS:V100R003C06B635SPC012,0
SUB2_NQ,124.75.38.34,hms,R2PLUS,10.1,9313GB,16GB,2.33GHz*4,hms: V1.03,HMS:V100R003C06B635SPC012,0
SUB2_NQ,124.75.38.35,hms,R2PLUS,10.1,9313GB,16GB,2.33GHz*4,hms: V1.03,HMS:V100R003C06B635SPC012,0
SUB2_NQ,124.75.38.36,hms,R2PLUS,10.1,9313GB,16GB,2.33GHz*4,hms: V1.03,HMS:V100R003C06B635SPC012,0
SUB2_NQ,124.75.38.43,hms,R3,11.1,55853GB,47GB,2.40GHz*8,---,HMS:V100R003C06B635SPC012,0
SUB2_NQ,124.75.38.44,hms,R3,11.1,56083GB,47GB,2.40GHz*8,---,HMS:V100R003C06B635SPC012,0
SUB2_NQ,124.75.38.50,rrs,R2,11.1,59GB,7GB,2.13GHz*4,---,RRS:V100R003C06B635SPC011,0
SUB2_NQ,124.75.38.51,rrs,R2,11.1,59GB,7GB,2.13GHz*4,---,RRS:V100R003C06B635SPC011,0
SUB2_NQ,124.75.38.70,epg,R2,10.1,60GB,8GB,2.13GHz*4,epg:2.1,EPG:IPTV-MEM-V100R003C60LSHD01,0
SUB2_NQ,124.75.38.71,epg,R2,10.1,60GB,8GB,2.13GHz*4,epg:2.1,EPG:IPTV-MEM-V100R003C60LSHD01,0
NQ_EDGE3,222.68.217.137,hms,R2,10.1,2189GB,8GB,2.13GHz*4,hms: V1.03,HMS:V100R003C06B635SPC012,0
NQ_EDGE3,222.68.217.138,hms,R2,10.1,2293GB,8GB,2.13GHz*4,hms: V1.03,HMS:V100R003C06B635SPC012,0
NQ_EDGE3,222.68.217.139,hms,R2,10.1,2189GB,8GB,2.13GHz*4,hms: V1.03,HMS:V100R003C06B635SPC012,0
NQ_EDGE3,222.68.217.140,hms,R2,10.1,2293GB,8GB,2.13GHz*4,hms: V1.03,HMS:V100R003C06B635SPC012,0
NQ_EDGE3,222.68.217.141,hms,R2,10.1,2189GB,8GB,2.13GHz*4,hms: V1.03,HMS:V100R003C06B635SPC012,0
NQ_EDGE3,222.68.217.142,hms,R2,10.1,2293GB,8GB,2.13GHz*4,hms: V1.03,HMS:V100R003C06B635SPC012,0
NQ_EDGE3,222.68.217.143,hms,R2,10.1,2189GB,8GB,2.13GHz*4,hms: V1.03,HMS:V100R003C06B635SPC012,0
NQ_EDGE3,222.68.217.144,hms,R2,10.1,2293GB,8GB,2.13GHz*4,hms: V1.03,HMS:V100R003C06B635SPC012,0
NQ_EDGE3,222.68.217.145,hms,R2,10.1,2189GB,8GB,2.13GHz*4,hms: V1.03,HMS:V100R003C06B635SPC012,0
NQ_EDGE3,222.68.217.146,hms,R2,10.1,2293GB,8GB,2.13GHz*4,hms: V1.03,HMS:V100R003C06B635SPC012,0
NQ_EDGE3,222.68.217.152,hms,R2PLUS,10.1,9313GB,16GB,2.33GHz*4,hms: V1.03,HMS:V100R003C06B635SPC012,0
NQ_EDGE3,222.68.217.228,epg,R2,10.1,60GB,8GB,2.13GHz*4,epg:2.1,EPG:IPTV-MEM-V100R003C60LSHD01,0
NQ_EDGE3,222.68.217.229,epg,R2,10.1,60GB,8GB,2.13GHz*4,epg:2.1,EPG:IPTV-MEM-V100R003C60LSHD01,0
NQ_EDGE4,222.68.205.10,hms,R2,10.1,2295GB,8GB,2.13GHz*4,hms: V1.03,HMS:V100R003C06B635SPC012,0
NQ_EDGE4,222.68.205.100,epg,R2,10.1,60GB,8GB,2.13GHz*4,epg:2.1,EPG:IPTV-MEM-V100R003C60LSHD01,0
NQ_EDGE4,222.68.205.101,epg,R2,10.1,60GB,8GB,2.13GHz*4,epg:2.1,EPG:IPTV-MEM-V100R003C60LSHD01,0
NQ_EDGE4,222.68.205.11,hms,R2,10.1,2191GB,8GB,2.13GHz*4,hms: V1.03,HMS:V100R003C06B635SPC012,0
NQ_EDGE4,222.68.205.12,hms,R2,10.1,2294GB,8GB,2.13GHz*4,---,HMS:V100R003C06B635SPC012,0
NQ_EDGE4,222.68.205.13,hms,R2,10.1,2191GB,8GB,2.13GHz*4,hms: V1.03,HMS:V100R003C06B635SPC012,0
NQ_EDGE4,222.68.205.14,hms,R2,10.1,2295GB,8GB,2.13GHz*4,hms: V1.03,HMS:V100R003C06B635SPC012,0
NQ_EDGE4,222.68.205.15,hms,R2,10.1,2191GB,8GB,2.13GHz*4,hms: V1.03,HMS:V100R003C06B635SPC012,0
NQ_EDGE4,222.68.205.16,hms,R2,10.1,2295GB,8GB,2.13GHz*4,hms: V1.03,HMS:V100R003C06B635SPC012,0
NQ_EDGE4,222.68.205.17,hms,R2,10.1,2191GB,8GB,2.13GHz*4,hms: V1.03,HMS:V100R003C06B635SPC012,0
NQ_EDGE4,222.68.205.18,hms,R2,10.1,2295GB,8GB,2.13GHz*4,hms: V1.03,HMS:V100R003C06B635SPC012,0
NQ_EDGE4,222.68.205.9,hms,R2,10.1,2191GB,8GB,2.13GHz*4,hms: V1.03,HMS:V100R003C06B635SPC012,0
NQ_EDGE5,218.83.183.10,hms,R2PLUS,10.1,2789GB,16GB,2.13GHz*4,hms: V1.03,HMS:V100R003C06B635SPC012,0
NQ_EDGE5,218.83.183.11,hms,R2PLUS,10.1,2789GB,16GB,2.13GHz*4,hms: V1.03,HMS:V100R003C06B635SPC012,0
NQ_EDGE5,218.83.183.12,hms,R2PLUS,10.1,2789GB,16GB,2.13GHz*4,hms: V1.03,HMS:V100R003C06B635SPC012,0
NQ_EDGE5,218.83.183.13,hms,R2PLUS,10.1,2789GB,16GB,2.13GHz*4,hms: V1.03,HMS:V100R003C06B635SPC012,0
NQ_EDGE5,218.83.183.14,hms,R2PLUS,10.1,9313GB,16GB,2.33GHz*4,hms: V1.03,HMS:V100R003C06B635SPC012,0
NQ_EDGE5,218.83.183.21,hms,R2PLUS,10.1,9313GB,16GB,2.33GHz*4,hms: V1.03,HMS:V100R003C06B635SPC012,0
NQ_EDGE5,218.83.183.22,hms,R2PLUS,10.1,9313GB,16GB,2.33GHz*4,hms: V1.03,HMS:V100R003C06B635SPC012,0
NQ_EDGE5,218.83.183.9,hms,R2PLUS,10.1,2789GB,16GB,2.13GHz*4,hms: V1.03,HMS:V100R003C06B635SPC012,0
NQ_EDGE5,218.83.184.4,epg,R2PLUS,10.1,126GB,16GB,2.13GHz*4,epg:2.1,EPG:IPTV-MEM-V100R003C60LSHD01,0
NQ_EDGE5,218.83.184.5,epg,R2PLUS,10.1,126GB,16GB,2.13GHz*4,epg:2.1,EPG:IPTV-MEM-V100R003C60LSHD01,0
NQ_EDGE6,218.83.183.73,hms,R2PLUS,10.1,2789GB,16GB,2.13GHz*4,hms: V1.03,HMS:V100R003C06B635SPC012,0
NQ_EDGE6,218.83.183.74,hms,R2PLUS,10.1,2789GB,16GB,2.13GHz*4,hms: V1.03,HMS:V100R003C06B635SPC012,0
NQ_EDGE6,218.83.183.75,hms,R2PLUS,10.1,2789GB,16GB,2.13GHz*4,hms: V1.03,HMS:V100R003C06B635SPC012,0
NQ_EDGE6,218.83.183.76,hms,R2PLUS,10.1,2790GB,16GB,2.13GHz*4,hms: V1.03,HMS:V100R003C06B635SPC012,0
NQ_EDGE6,218.83.183.77,hms,R2PLUS,10.1,2789GB,16GB,2.13GHz*4,hms: V1.03,HMS:V100R003C06B635SPC012,0
NQ_EDGE6,218.83.183.78,hms,R2PLUS,10.1,9313GB,16GB,2.33GHz*4,hms: V1.03,HMS:V100R003C06B635SPC012,0
NQ_EDGE6,218.83.183.85,hms,R2PLUS,10.1,9313GB,16GB,2.33GHz*4,hms: V1.03,HMS:V100R003C06B635SPC012,0
NQ_EDGE6,218.83.183.86,hms,R2PLUS,10.1,9313GB,16GB,2.33GHz*4,hms: V1.03,HMS:V100R003C06B635SPC012,0
NQ_EDGE6,218.83.184.20,epg,R2PLUS,10.1,126GB,16GB,2.13GHz*4,epg:2.1,EPG:IPTV-MEM-V100R003C60LSHD01,0
NQ_EDGE6,218.83.184.21,epg,R2PLUS,10.1,126GB,16GB,2.13GHz*4,epg:2.1,EPG:IPTV-MEM-V100R003C60LSHD01,0
NQ_EDGE7,222.68.196.84,epg,R2PLUS,10.1,128GB,16GB,2.33GHz*4,epg:2.1,EPG:IPTV-MEM-V100R003C60LSHD01,0
NQ_EDGE7,222.68.196.85,epg,R2PLUS,10.1,128GB,16GB,2.33GHz*4,epg:2.1,EPG:IPTV-MEM-V100R003C60LSHD01,0
NQ_EDGE7,222.69.157.105,hms,R2PLUS,10.1,9313GB,16GB,2.33GHz*4,hms: V1.03,HMS:V100R003C06B635SPC012,0
NQ_EDGE7,222.69.157.106,hms,R2PLUS,10.1,9313GB,16GB,2.33GHz*4,hms: V1.03,HMS:V100R003C06B635SPC012,0
NQ_EDGE7,222.69.157.107,hms,R2PLUS,10.1,9313GB,16GB,2.33GHz*4,hms: V1.03,HMS:V100R003C06B635SPC012,0
NQ_EDGE7,222.69.157.108,hms,R2PLUS,10.1,9313GB,16GB,2.33GHz*4,hms: V1.03,HMS:V100R003C06B635SPC012,0
NQ_EDGE7,222.69.157.109,hms,R2PLUS,10.1,9313GB,16GB,2.33GHz*4,hms: V1.03,HMS:V100R003C06B635SPC012,0
SUB3_XM,10.192.80.73,hms,R2PLUS,10.1,9313GB,16GB,2.33GHz*4,hms: V1.03,HMS:V100R003C06B635SPC012,0
SUB3_XM,10.192.80.74,hms,R2PLUS,10.1,9313GB,16GB,2.33GHz*4,hms: V1.03,HMS:V100R003C06B635SPC012,0
SUB3_XM,10.192.80.75,hms,R2PLUS,10.1,9313GB,16GB,2.33GHz*4,hms: V1.03,HMS:V100R003C06B635SPC012,0
SUB3_XM,10.192.80.76,hms,R2PLUS,10.1,9313GB,16GB,2.33GHz*4,hms: V1.03,HMS:V100R003C06B635SPC012,0
SUB3_XM,10.192.80.77,hms,R2PLUS,10.1,9313GB,16GB,2.33GHz*4,hms: V1.03,HMS:V100R003C06B635SPC012,0
SUB3_XM,10.192.99.105,hms,R3,11.1,55853GB,47GB,2.40GHz*8,---,HMS:V100R003C06B635SPC012,0
SUB3_XM,10.192.99.106,hms,R3,11.1,56083GB,47GB,2.40GHz*8,---,HMS:V100R003C06B635SPC012,0
SUB3_XM,218.83.180.143,hms,R2PLUS,10.1,2789GB,16GB,2.13GHz*4,hms: V1.03,HMS:V100R003C06B635SPC012,0
SUB3_XM,218.83.180.144,hms,R2PLUS,10.1,2789GB,16GB,2.13GHz*4,hms: V1.03,HMS:V100R003C06B635SPC012,0
SUB3_XM,218.83.180.145,hms,R2PLUS,10.1,2789GB,16GB,2.13GHz*4,hms: V1.03,HMS:V100R003C06B635SPC012,0
SUB3_XM,218.83.180.146,hms,R2PLUS,10.1,2789GB,16GB,2.13GHz*4,hms: V1.03,HMS:V100R003C06B635SPC012,0
SUB3_XM,218.83.180.147,hms,R2PLUS,10.1,2789GB,16GB,2.13GHz*4,hms: V1.03,HMS:V100R003C06B635SPC012,0
SUB3_XM,218.83.180.148,hms,R2PLUS,10.1,2789GB,16GB,2.13GHz*4,hms: V1.03,HMS:V100R003C06B635SPC012,0
SUB3_XM,218.83.180.155,rrs,R2,11.1,59GB,7GB,2.13GHz*4,---,RRS:V100R003C06B635SPC011,0
SUB3_XM,218.83.180.156,rrs,R2,11.1,59GB,7GB,2.13GHz*4,---,RRS:V100R003C06B635SPC011,0
SUB3_XM,218.83.180.198,epg,R2PLUS,10.1,126GB,16GB,2.13GHz*4,epg:2.1,EPG:IPTV-MEM-V100R003C60LSHD01,0
SUB3_XM,218.83.180.199,epg,R2PLUS,10.1,126GB,16GB,2.13GHz*4,epg:2.1,EPG:IPTV-MEM-V100R003C60LSHD01,0
XM_EDGE1,218.83.181.139,hms,R2PLUS,10.1,2789GB,16GB,2.13GHz*4,hms: V1.03,HMS:V100R003C06B635SPC012,0
XM_EDGE1,218.83.181.140,hms,R2PLUS,10.1,2789GB,16GB,2.13GHz*4,hms: V1.03,HMS:V100R003C06B635SPC012,0
XM_EDGE1,218.83.181.141,hms,R2PLUS,10.1,2789GB,16GB,2.13GHz*4,hms: V1.03,HMS:V100R003C06B635SPC012,0
XM_EDGE1,218.83.181.142,hms,R2PLUS,10.1,2789GB,16GB,2.13GHz*4,hms: V1.03,HMS:V100R003C06B635SPC012,0
XM_EDGE1,218.83.181.143,hms,R2PLUS,10.1,2789GB,16GB,2.13GHz*4,hms: V1.03,HMS:V100R003C06B635SPC012,0
XM_EDGE1,218.83.181.154,hms,R2PLUS,10.1,9313GB,16GB,2.33GHz*4,hms: V1.03,HMS:V100R003C06B635SPC012,0
XM_EDGE1,218.83.181.155,hms,R2PLUS,10.1,9313GB,16GB,2.33GHz*4,hms: V1.03,HMS:V100R003C06B635SPC012,0
XM_EDGE1,218.83.181.156,hms,R2PLUS,10.1,9313GB,16GB,2.33GHz*4,hms: V1.03,HMS:V100R003C06B635SPC012,0
XM_EDGE1,218.83.183.164,epg,R2PLUS,10.1,126GB,16GB,2.13GHz*4,epg:2.1,EPG:IPTV-MEM-V100R003C60LSHD01,0
XM_EDGE1,218.83.183.165,epg,R2PLUS,10.1,126GB,16GB,2.13GHz*4,epg:2.1,EPG:IPTV-MEM-V100R003C60LSHD01,0
XM_EDGE2,218.83.181.201,hms,R2PLUS,10.1,2789GB,16GB,2.13GHz*4,hms: V1.03,HMS:V100R003C06B635SPC012,0
XM_EDGE2,218.83.181.202,hms,R2PLUS,10.1,2789GB,16GB,2.13GHz*4,hms: V1.03,HMS:V100R003C06B635SPC012,0
XM_EDGE2,218.83.181.203,hms,R2PLUS,10.1,2789GB,16GB,2.13GHz*4,hms: V1.03,HMS:V100R003C06B635SPC012,0
XM_EDGE2,218.83.181.204,hms,R2PLUS,10.1,2789GB,16GB,2.13GHz*4,hms: V1.03,HMS:V100R003C06B635SPC012,0
XM_EDGE2,218.83.181.205,hms,R2PLUS,10.1,2789GB,16GB,2.13GHz*4,hms: V1.03,HMS:V100R003C06B635SPC012,0
XM_EDGE2,218.83.181.216,hms,R2PLUS,10.1,9313GB,16GB,2.33GHz*4,hms: V1.03,HMS:V100R003C06B635SPC012,0
XM_EDGE2,218.83.181.217,hms,R2PLUS,10.1,9313GB,16GB,2.33GHz*4,hms: V1.03,HMS:V100R003C06B635SPC012,0
XM_EDGE2,218.83.181.218,hms,R2PLUS,10.1,9313GB,16GB,2.33GHz*4,hms: V1.03,HMS:V100R003C06B635SPC012,0
XM_EDGE2,218.83.183.180,epg,R2PLUS,10.1,126GB,16GB,2.13GHz*4,epg:2.1,EPG:IPTV-MEM-V100R003C60LSHD01,0
XM_EDGE2,218.83.183.181,epg,R2PLUS,10.1,126GB,16GB,2.13GHz*4,epg:2.1,EPG:IPTV-MEM-V100R003C60LSHD01,0
XM_EDGE3,218.83.182.10,hms,R2PLUS,10.1,2789GB,16GB,2.13GHz*4,hms: V1.03,HMS:V100R003C06B635SPC012,0
XM_EDGE3,218.83.182.11,hms,R2PLUS,10.1,2789GB,16GB,2.13GHz*4,hms: V1.03,HMS:V100R003C06B635SPC012,0
XM_EDGE3,218.83.182.12,hms,R2PLUS,10.1,2789GB,16GB,2.13GHz*4,hms: V1.03,HMS:V100R003C06B635SPC012,0
XM_EDGE3,218.83.182.13,hms,R2PLUS,10.1,2789GB,16GB,2.13GHz*4,hms: V1.03,HMS:V100R003C06B635SPC012,0
XM_EDGE3,218.83.182.14,hms,R2PLUS,10.1,2789GB,16GB,2.13GHz*4,hms: V1.03,HMS:V100R003C06B635SPC012,0
XM_EDGE3,218.83.182.23,hms,R2PLUS,10.1,9313GB,16GB,2.33GHz*4,hms: V1.03,HMS:V100R003C06B635SPC012,0
XM_EDGE3,218.83.182.24,hms,R2PLUS,10.1,9313GB,16GB,2.33GHz*4,hms: V1.03,HMS:V100R003C06B635SPC012,0
XM_EDGE3,218.83.182.9,hms,R2PLUS,10.1,2789GB,16GB,2.13GHz*4,hms: V1.03,HMS:V100R003C06B635SPC012,0
XM_EDGE3,218.83.183.196,epg,R2PLUS,10.1,126GB,16GB,2.13GHz*4,epg:2.1,EPG:IPTV-MEM-V100R003C60LSHD01,0
XM_EDGE3,218.83.183.197,epg,R2PLUS,10.1,126GB,16GB,2.13GHz*4,epg:2.1,EPG:IPTV-MEM-V100R003C60LSHD01,0
XM_EDGE4,218.83.168.148,epg,R2PLUS,10.1,128GB,16GB,2.33GHz*4,epg:2.1,EPG:IPTV-MEM-V100R003C60LSHD01,0
XM_EDGE4,218.83.168.149,epg,R2PLUS,10.1,128GB,16GB,2.33GHz*4,epg:2.1,EPG:IPTV-MEM-V100R003C60LSHD01,0
XM_EDGE4,222.68.196.201,hms,R2PLUS,10.1,9313GB,16GB,2.33GHz*4,hms: V1.03,HMS:V100R003C06B635SPC012,0
XM_EDGE4,222.68.196.202,hms,R2PLUS,10.1,9313GB,16GB,2.33GHz*4,hms: V1.03,HMS:V100R003C06B635SPC012,0
XM_EDGE4,222.68.196.203,hms,R2PLUS,10.1,9313GB,16GB,2.33GHz*4,hms: V1.03,HMS:V100R003C06B635SPC012,0
XM_EDGE4,222.68.196.204,hms,R2PLUS,10.1,9313GB,16GB,2.33GHz*4,hms: V1.03,HMS:V100R003C06B635SPC012,0
XM_EDGE4,222.68.196.205,hms,R2PLUS,10.1,9313GB,16GB,2.33GHz*4,hms: V1.03,HMS:V100R003C06B635SPC012,0
XM_EDGE5,124.75.22.73,hms,R2PLUS,10.1,9313GB,16GB,2.33GHz*4,hms: V1.03,HMS:V100R003C06B635SPC012,0
XM_EDGE5,124.75.22.74,hms,R2PLUS,10.1,9313GB,16GB,2.33GHz*4,hms: V1.03,HMS:V100R003C06B635SPC012,0
XM_EDGE5,124.75.22.75,hms,R2PLUS,10.1,9313GB,16GB,2.33GHz*4,hms: V1.03,HMS:V100R003C06B635SPC012,0
XM_EDGE5,124.75.22.76,hms,R2PLUS,10.1,9313GB,16GB,2.33GHz*4,hms: V1.03,HMS:V100R003C06B635SPC012,0
XM_EDGE5,124.75.22.77,hms,R2PLUS,10.1,9313GB,16GB,2.33GHz*4,hms: V1.03,HMS:V100R003C06B635SPC012,0
XM_EDGE5,218.83.184.212,epg,R2PLUS,10.1,128GB,16GB,2.33GHz*4,epg:2.1,EPG:IPTV-MEM-V100R003C60LSHD01,0
XM_EDGE5,218.83.184.213,epg,R2PLUS,10.1,128GB,16GB,2.33GHz*4,epg:2.1,EPG:IPTV-MEM-V100R003C60LSHD01,0
XM_EDGE6,10.192.84.10,hms,R3,11.1,28139GB,47GB,2.40GHz*8,---,HMS:V100R003C06B635SPC012,0
XM_EDGE6,10.192.84.11,hms,R3,11.1,27909GB,47GB,2.40GHz*8,---,HMS:V100R003C06B635SPC012,0
XM_EDGE6,10.192.84.12,hms,R3,11.1,28139GB,47GB,2.40GHz*8,---,HMS:V100R003C06B635SPC012,0
XM_EDGE6,10.192.84.9,hms,R3,11.1,27909GB,47GB,2.40GHz*8,---,HMS:V100R003C06B635SPC012,0
XM_EDGE6,101.95.77.57,epg,R3,11.1,222GB,23GB,2.40GHz*8,epg:2.1,EPG:IPTV-MEM-V100R003C60LSHD01,0
XM_EDGE6,101.95.77.58,epg,R3,11.1,222GB,23GB,2.40GHz*8,epg:2.1,EPG:IPTV-MEM-V100R003C60LSHD01,0
XM_EDGE7,10.192.84.41,hms,R3,11.1,27909GB,47GB,2.40GHz*8,---,HMS:V100R003C06B635SPC012,0
XM_EDGE7,10.192.84.42,hms,R3,11.1,28139GB,47GB,2.40GHz*8,---,HMS:V100R003C06B635SPC012,0
XM_EDGE7,10.192.84.43,hms,R3,11.1,27909GB,47GB,2.40GHz*8,---,HMS:V100R003C06B635SPC012,0
XM_EDGE7,10.192.84.44,hms,R3,11.1,28139GB,47GB,2.40GHz*8,---,HMS:V100R003C06B635SPC012,0
XM_EDGE7,101.95.77.73,epg,R3,11.1,222GB,23GB,2.40GHz*8,epg:2.1,EPG:IPTV-MEM-V100R003C60LSHD01,0
XM_EDGE7,101.95.77.74,epg,R3,11.1,222GB,23GB,2.40GHz*8,epg:2.1,EPG:IPTV-MEM-V100R003C60LSHD01,0
SUB4_PD,218.83.180.15,hms,R2PLUS,10.1,2792GB,16GB,2.13GHz*4,hms: V1.03,HMS:V100R003C06B635SPC012,0
SUB4_PD,218.83.180.16,hms,R2PLUS,10.1,2792GB,16GB,2.13GHz*4,hms: V1.03,HMS:V100R003C06B635SPC012,0
SUB4_PD,218.83.180.17,hms,R2PLUS,10.1,2792GB,16GB,2.13GHz*4,hms: V1.03,HMS:V100R003C06B635SPC012,0
SUB4_PD,218.83.180.18,hms,R2PLUS,10.1,2792GB,16GB,2.13GHz*4,hms: V1.03,HMS:V100R003C06B635SPC012,0
SUB4_PD,218.83.180.19,hms,R2PLUS,10.1,2792GB,16GB,2.13GHz*4,hms: V1.03,HMS:V100R003C06B635SPC012,0
SUB4_PD,218.83.180.20,hms,R2PLUS,10.1,2792GB,16GB,2.13GHz*4,hms: V1.03,HMS:V100R003C06B635SPC012,0
SUB4_PD,218.83.180.29,rrs,R2,11.1,59GB,7GB,2.13GHz*4,---,RRS:V100R003C06B635SPC011,0
SUB4_PD,218.83.180.30,rrs,R2,11.1,59GB,7GB,2.13GHz*4,---,RRS:V100R003C06B635SPC011,0
SUB4_PD,218.83.180.68,epg,R2PLUS,10.1,129GB,16GB,2.13GHz*4,epg:2.1,EPG:IPTV-MEM-V100R003C60LSHD01,0
SUB4_PD,218.83.180.69,epg,R2PLUS,10.1,129GB,16GB,2.13GHz*4,epg:2.1,EPG:IPTV-MEM-V100R003C60LSHD01,0
PD_EDGE1,222.68.218.10,hms,R2,10.2,2171GB,8GB,2.13GHz*4,hms: V1.03,HMS:V100R003C06B635SPC012,0
PD_EDGE1,222.68.218.100,epg,R2,10.1,60GB,8GB,2.13GHz*4,epg:2.1,EPG:IPTV-MEM-V100R003C60LSHD01,0
PD_EDGE1,222.68.218.101,epg,R2,10.1,60GB,8GB,2.13GHz*4,epg:2.1,EPG:IPTV-MEM-V100R003C60LSHD01,0
PD_EDGE1,222.68.218.11,hms,R2,10.2,2275GB,8GB,2.13GHz*4,hms: V1.03,HMS:V100R003C06B635SPC012,0
PD_EDGE1,222.68.218.12,hms,R2,10.2,2171GB,8GB,2.13GHz*4,hms: V1.03,HMS:V100R003C06B635SPC012,0
PD_EDGE1,222.68.218.13,hms,R2,10.2,2275GB,8GB,2.13GHz*4,hms: V1.03,HMS:V100R003C06B635SPC012,0
PD_EDGE1,222.68.218.14,hms,R2,10.2,2171GB,8GB,2.13GHz*4,hms: V1.03,HMS:V100R003C06B635SPC012,0
PD_EDGE1,222.68.218.15,hms,R2,10.2,2275GB,8GB,2.13GHz*4,hms: V1.03,HMS:V100R003C06B635SPC012,0
PD_EDGE1,222.68.218.16,hms,R2,10.2,2171GB,8GB,2.13GHz*4,hms: V1.03,HMS:V100R003C06B635SPC012,0
PD_EDGE1,222.68.218.17,hms,R2,10.2,2275GB,8GB,2.13GHz*4,hms: V1.03,HMS:V100R003C06B635SPC012,0
PD_EDGE1,222.68.218.18,hms,R2PLUS,10.2,2791GB,16GB,2.13GHz*4,hms: V1.03,HMS:V100R003C06B635SPC012,0
PD_EDGE1,222.68.218.19,hms,R2PLUS,10.2,2791GB,16GB,2.13GHz*4,hms: V1.03,HMS:V100R003C06B635SPC012,0
PD_EDGE2,222.68.218.138,hms,R2,10.1,2189GB,8GB,2.13GHz*4,hms: V1.03,HMS:V100R003C06B635SPC012,0
PD_EDGE2,222.68.218.139,hms,R2,10.1,2293GB,8GB,2.13GHz*4,hms: V1.03,HMS:V100R003C06B635SPC012,0
PD_EDGE2,222.68.218.140,hms,R2,10.1,2189GB,8GB,2.13GHz*4,hms: V1.03,HMS:V100R003C06B635SPC012,0
PD_EDGE2,222.68.218.141,hms,R2,10.1,2293GB,8GB,2.13GHz*4,hms: V1.03,HMS:V100R003C06B635SPC012,0
PD_EDGE2,222.68.218.142,hms,R2,10.2,2171GB,8GB,2.13GHz*4,hms: V1.03,HMS:V100R003C06B635SPC012,0
PD_EDGE2,222.68.218.143,hms,R2,10.2,2275GB,8GB,2.13GHz*4,hms: V1.03,HMS:V100R003C06B635SPC012,0
PD_EDGE2,222.68.218.144,hms,R2,10.2,2171GB,8GB,2.13GHz*4,hms: V1.03,HMS:V100R003C06B635SPC012,0
PD_EDGE2,222.68.218.145,hms,R2,10.2,2275GB,8GB,2.13GHz*4,hms: V1.03,HMS:V100R003C06B635SPC012,0
PD_EDGE2,222.68.218.228,epg,R2,10.1,60GB,8GB,2.13GHz*4,epg:2.1,EPG:IPTV-MEM-V100R003C60LSHD01,0
PD_EDGE2,222.68.218.229,epg,R2,10.1,60GB,8GB,2.13GHz*4,epg:2.1,EPG:IPTV-MEM-V100R003C60LSHD01,0
PD_EDGE3,218.83.181.10,hms,R2PLUS,10.1,2792GB,16GB,2.13GHz*4,hms: V1.03,HMS:V100R003C06B635SPC012,0
PD_EDGE3,218.83.181.11,hms,R2PLUS,10.1,2792GB,16GB,2.13GHz*4,hms: V1.03,HMS:V100R003C06B635SPC012,0
PD_EDGE3,218.83.181.12,hms,R2PLUS,10.1,2792GB,16GB,2.13GHz*4,hms: V1.03,HMS:V100R003C06B635SPC012,0
PD_EDGE3,218.83.181.13,hms,R2PLUS,10.1,2792GB,16GB,2.13GHz*4,hms: V1.03,HMS:V100R003C06B635SPC012,0
PD_EDGE3,218.83.181.14,hms,R2PLUS,10.1,2792GB,16GB,2.13GHz*4,hms: V1.03,HMS:V100R003C06B635SPC012,0
PD_EDGE3,218.83.181.9,hms,R2PLUS,10.1,2792GB,16GB,2.13GHz*4,hms: V1.03,HMS:V100R003C06B635SPC012,0
PD_EDGE3,218.83.183.132,epg,R2PLUS,10.1,129GB,16GB,2.13GHz*4,epg:2.1,EPG:IPTV-MEM-V100R003C60LSHD01,0
PD_EDGE3,218.83.183.133,epg,R2PLUS,10.1,129GB,16GB,2.13GHz*4,epg:2.1,EPG:IPTV-MEM-V100R003C60LSHD01,0
PD_EDGE4,218.83.181.73,hms,R2PLUS,10.1,2792GB,16GB,2.13GHz*4,hms: V1.03,HMS:V100R003C06B635SPC012,0
PD_EDGE4,218.83.181.74,hms,R2PLUS,10.1,2792GB,16GB,2.13GHz*4,hms: V1.03,HMS:V100R003C06B635SPC012,0
PD_EDGE4,218.83.181.75,hms,R2PLUS,10.1,2792GB,16GB,2.13GHz*4,hms: V1.03,HMS:V100R003C06B635SPC012,0
PD_EDGE4,218.83.181.76,hms,R2PLUS,10.1,2792GB,16GB,2.13GHz*4,hms: V1.03,HMS:V100R003C06B635SPC012,0
PD_EDGE4,218.83.181.77,hms,R2PLUS,10.1,2792GB,16GB,2.13GHz*4,hms: V1.03,HMS:V100R003C06B635SPC012,0
PD_EDGE4,218.83.181.78,hms,R2PLUS,10.1,2792GB,16GB,2.13GHz*4,hms: V1.03,HMS:V100R003C06B635SPC012,0
PD_EDGE4,218.83.183.148,epg,R2PLUS,10.1,129GB,16GB,2.13GHz*4,epg:2.1,EPG:IPTV-MEM-V100R003C60LSHD01,0
PD_EDGE4,218.83.183.149,epg,R2PLUS,10.1,129GB,16GB,2.13GHz*4,epg:2.1,EPG:IPTV-MEM-V100R003C60LSHD01,0
PD_EDGE5,222.69.157.10,hms,R2PLUS,10.1,9313GB,16GB,2.33GHz*4,hms: V1.03,HMS:V100R003C06B635SPC012,0
PD_EDGE5,222.69.157.11,hms,R2PLUS,10.1,9313GB,16GB,2.33GHz*4,hms: V1.03,HMS:V100R003C06B635SPC012,0
PD_EDGE5,222.69.157.12,hms,R2PLUS,10.1,9313GB,16GB,2.33GHz*4,hms: V1.03,HMS:V100R003C06B635SPC012,0
PD_EDGE5,222.69.157.13,hms,R2PLUS,10.1,9313GB,16GB,2.33GHz*4,hms: V1.03,HMS:V100R003C06B635SPC012,0
PD_EDGE5,222.69.157.84,epg,R2PLUS,10.1,128GB,16GB,2.33GHz*4,epg:2.1,EPG:IPTV-MEM-V100R003C60LSHD01,0
PD_EDGE5,222.69.157.85,epg,R2PLUS,10.1,128GB,16GB,2.33GHz*4,epg:2.1,EPG:IPTV-MEM-V100R003C60LSHD01,0
PD_EDGE5,222.69.157.9,hms,R2PLUS,10.1,9313GB,16GB,2.33GHz*4,hms: V1.03,HMS:V100R003C06B635SPC012,0
PDBY6,218.83.164.180,epg,R2PLUS,10.1,128GB,16GB,2.33GHz*4,epg:2.1,EPG:IPTV-MEM-V100R003C60LSHD01,0
PDBY6,218.83.164.181,epg,R2PLUS,10.1,128GB,16GB,2.33GHz*4,epg:2.1,EPG:IPTV-MEM-V100R003C60LSHD01,0
PDBY6,218.83.184.233,hms,R2PLUS,10.1,9195GB,16GB,2.33GHz*4,hms: V1.03,HMS:V100R003C06B635SPC012,0
PDBY6,218.83.184.234,hms,R2PLUS,10.1,9313GB,16GB,2.33GHz*4,hms: V1.03,HMS:V100R003C06B635SPC012,0
PDBY6,218.83.184.235,hms,R2PLUS,10.1,9313GB,16GB,2.33GHz*4,hms: V1.03,HMS:V100R003C06B635SPC012,0
PDBY6,218.83.184.236,hms,R2PLUS,10.1,9313GB,16GB,2.33GHz*4,hms: V1.03,HMS:V100R003C06B635SPC012,0
PDBY6,218.83.184.237,hms,R2PLUS,10.1,9313GB,16GB,2.33GHz*4,hms: V1.03,HMS:V100R003C06B635SPC012,0
SUB5_XQ,10.192.99.121,hms,R3,11.1,55853GB,47GB,2.40GHz*8,---,HMS:V100R003C06B635SPC012,0
SUB5_XQ,10.192.99.122,hms,R3,11.1,56083GB,47GB,2.40GHz*8,---,HMS:V100R003C06B635SPC012,0
SUB5_XQ,218.83.191.148,epg,R2PLUS,10.1,128GB,16GB,2.33GHz*4,epg:2.1,EPG:IPTV-MEM-V100R003C60LSHD01,0
SUB5_XQ,218.83.191.149,epg,R2PLUS,10.1,128GB,16GB,2.33GHz*4,epg:2.1,EPG:IPTV-MEM-V100R003C60LSHD01,0
SUB5_XQ,218.83.191.68,rrs,R2PLUS,10.1,128GB,8GB,2.33GHz*4,---,RRS:V100R003C06B635SPC011,0
SUB5_XQ,218.83.191.69,rrs,R2PLUS,10.1,128GB,8GB,2.33GHz*4,---,RRS:V100R003C06B635SPC011,0
SUB5_XQ,218.83.191.76,hms,R2PLUS,10.1,9313GB,16GB,2.33GHz*4,hms: V1.03,HMS:V100R003C06B635SPC012,0
SUB5_XQ,218.83.191.77,hms,R2PLUS,10.1,9313GB,16GB,2.33GHz*4,hms: V1.03,HMS:V100R003C06B635SPC012,0
SUB5_XQ,218.83.191.78,hms,R2PLUS,10.1,9313GB,16GB,2.33GHz*4,hms: V1.03,HMS:V100R003C06B635SPC012,0
SUB5_XQ,218.83.191.79,hms,R2PLUS,10.1,9313GB,16GB,2.33GHz*4,hms: V1.03,HMS:V100R003C06B635SPC012,0
SUB5_XQ,218.83.191.80,hms,R2PLUS,10.1,9313GB,16GB,2.33GHz*4,hms: V1.03,HMS:V100R003C06B635SPC012,0
SUB5_XQ,218.83.191.81,hms,R2PLUS,10.1,9443GB,16GB,2.33GHz*4,hms: V1.03,HMS:V100R003C06B635SPC012,0
SUB5_XQ,218.83.191.90,hms,R2PLUS,10.1,9313GB,16GB,2.33GHz*4,hms: V1.03,HMS:V100R003C06B635SPC012,0
XQ_EDGE1,222.68.196.105,hms,R2PLUS,10.1,9313GB,16GB,2.33GHz*4,hms: V1.03,HMS:V100R003C06B635SPC012,0
XQ_EDGE1,222.68.196.106,hms,R2PLUS,10.1,9313GB,16GB,2.33GHz*4,hms: V1.03,HMS:V100R003C06B635SPC012,0
XQ_EDGE1,222.68.196.107,hms,R2PLUS,10.1,9313GB,16GB,2.33GHz*4,hms: V1.03,HMS:V100R003C06B635SPC012,0
XQ_EDGE1,222.68.196.108,hms,R2PLUS,10.1,9313GB,16GB,2.33GHz*4,hms: V1.03,HMS:V100R003C06B635SPC012,0
XQ_EDGE1,222.68.196.109,hms,R2PLUS,10.1,9313GB,16GB,2.33GHz*4,hms: V1.03,HMS:V100R003C06B635SPC012,0
XQ_EDGE1,222.68.196.180,epg,R2PLUS,10.1,128GB,16GB,2.33GHz*4,epg:2.1,EPG:IPTV-MEM-V100R003C60LSHD01,0
XQ_EDGE1,222.68.196.181,epg,R2PLUS,10.1,128GB,16GB,2.33GHz*4,epg:2.1,EPG:IPTV-MEM-V100R003C60LSHD01,0
XQ_EDGE2,10.192.83.105,hms,R3,11.1,27909GB,47GB,2.40GHz*8,hms: V1.03,HMS:V100R003C06B635SPC012,0
XQ_EDGE2,10.192.83.106,hms,R3,11.1,28139GB,47GB,2.40GHz*8,hms: V1.03,HMS:V100R003C06B635SPC012,0
XQ_EDGE2,10.192.83.107,hms,R3,11.1,27909GB,47GB,2.40GHz*8,hms: V1.03,HMS:V100R003C06B635SPC012,0
XQ_EDGE2,10.192.83.108,hms,R3,11.1,28139GB,47GB,2.40GHz*8,hms: V1.03,HMS:V100R003C06B635SPC012,0
XQ_EDGE2,101.95.76.217,epg,R3,11.1,222GB,23GB,2.40GHz*8,epg:2.1,EPG:IPTV-MEM-V100R003C60LSHD01,0
XQ_EDGE2,101.95.76.218,epg,R3,11.1,222GB,23GB,2.40GHz*8,epg:2.1,EPG:IPTV-MEM-V100R003C60LSHD01,0
XQ_EDGE3,10.192.83.137,hms,R3,11.1,27909GB,47GB,2.40GHz*8,---,HMS:V100R003C06B635SPC012,0
XQ_EDGE3,10.192.83.138,hms,R3,11.1,28129GB,47GB,2.40GHz*8,---,HMS:V100R003C06B635SPC012,0
XQ_EDGE3,10.192.83.139,hms,R3,11.1,27909GB,47GB,2.40GHz*8,---,HMS:V100R003C06B635SPC012,0
XQ_EDGE3,10.192.83.140,hms,R3,11.1,28139GB,47GB,2.40GHz*8,---,HMS:V100R003C06B635SPC012,0
XQ_EDGE4,10.192.83.169,hms,R3,11.1,27893GB,47GB,2.40GHz*8,---,HMS:V100R003C06B635SPC012,0
XQ_EDGE4,10.192.83.170,hms,R3,11.1,28123GB,47GB,2.40GHz*8,---,HMS:V100R003C06B635SPC012,0
XQ_EDGE4,10.192.83.171,hms,R3,11.1,27893GB,47GB,2.40GHz*8,---,HMS:V100R003C06B635SPC012,0
XQ_EDGE4,10.192.83.172,hms,R3,11.1,28123GB,47GB,2.40GHz*8,---,HMS:V100R003C06B635SPC012,0
SUB6_FX,10.192.99.89,hms,R3,11.1,55853GB,47GB,2.40GHz*8,---,HMS:V100R003C06B635SPC012,0
SUB6_FX,10.192.99.90,hms,R3,11.1,56083GB,47GB,2.40GHz*8,---,HMS:V100R003C06B635SPC012,0
SUB6_FX,124.75.25.164,rrs,R2PLUS,10.1,128GB,8GB,2.33GHz*4,---,RRS:V100R003C06B635SPC011,0
SUB6_FX,124.75.25.165,rrs,R2PLUS,10.1,128GB,8GB,2.33GHz*4,---,RRS:V100R003C06B635SPC011,0
SUB6_FX,124.75.25.172,hms,R2PLUS,10.1,9313GB,16GB,2.33GHz*4,hms: V1.03,HMS:V100R003C06B635SPC012,0
SUB6_FX,124.75.25.173,hms,R2PLUS,10.1,9313GB,16GB,2.33GHz*4,hms: V1.03,HMS:V100R003C06B635SPC012,0
SUB6_FX,124.75.25.174,hms,R2PLUS,10.1,9313GB,16GB,2.33GHz*4,hms: V1.03,HMS:V100R003C06B635SPC012,0
SUB6_FX,124.75.25.175,hms,R2PLUS,10.1,9313GB,16GB,2.33GHz*4,hms: V1.03,HMS:V100R003C06B635SPC012,0
SUB6_FX,124.75.25.176,hms,R2PLUS,10.1,9313GB,16GB,2.33GHz*4,hms: V1.03,HMS:V100R003C06B635SPC012,0
SUB6_FX,124.75.25.177,hms,R2PLUS,10.1,9443GB,16GB,2.33GHz*4,hms: V1.03,HMS:V100R003C06B635SPC012,0
SUB6_FX,124.75.25.184,hms,R2PLUS,10.1,9313GB,16GB,2.33GHz*4,hms: V1.03,HMS:V100R003C06B635SPC012,0
SUB6_FX,218.83.191.52,epg,R2PLUS,10.1,128GB,16GB,2.33GHz*4,epg:2.1,EPG:IPTV-MEM-V100R003C60LSHD01,0
SUB6_FX,218.83.191.53,epg,R2PLUS,10.1,128GB,16GB,2.33GHz*4,epg:2.1,EPG:IPTV-MEM-V100R003C60LSHD01,0
FX_EDGE1,218.83.182.73,hms,R2PLUS,10.1,2789GB,16GB,2.13GHz*4,hms: V1.03,HMS:V100R003C06B635SPC012,0
FX_EDGE1,218.83.182.74,hms,R2PLUS,10.1,2789GB,16GB,2.13GHz*4,hms: V1.03,HMS:V100R003C06B635SPC012,0
FX_EDGE1,218.83.182.75,hms,R2PLUS,10.1,2789GB,16GB,2.13GHz*4,hms: V1.03,HMS:V100R003C06B635SPC012,0
FX_EDGE1,218.83.182.76,hms,R2PLUS,10.1,2789GB,16GB,2.13GHz*4,hms: V1.03,HMS:V100R003C06B635SPC012,0
FX_EDGE1,218.83.182.77,hms,R2PLUS,10.1,2789GB,16GB,2.13GHz*4,hms: V1.03,HMS:V100R003C06B635SPC012,0
FX_EDGE1,218.83.182.89,hms,R2PLUS,10.1,9313GB,16GB,2.33GHz*4,hms: V1.03,HMS:V100R003C06B635SPC012,0
FX_EDGE1,218.83.182.90,hms,R2PLUS,10.1,9313GB,16GB,2.33GHz*4,hms: V1.03,HMS:V100R003C06B635SPC012,0
FX_EDGE1,218.83.182.91,hms,R2PLUS,10.1,9313GB,16GB,2.33GHz*4,hms: V1.03,HMS:V100R003C06B635SPC012,0
FX_EDGE1,218.83.183.212,epg,R2PLUS,10.1,126GB,16GB,2.13GHz*4,epg:2.1,EPG:IPTV-MEM-V100R003C60LSHD01,0
FX_EDGE1,218.83.183.213,epg,R2PLUS,10.1,129GB,16GB,2.13GHz*4,epg:2.1,EPG:IPTV-MEM-V100R003C60LSHD01,0
FX_EDGE2,124.75.25.148,epg,R2PLUS,10.1,128GB,16GB,2.33GHz*4,epg:2.1,EPG:IPTV-MEM-V100R003C60LSHD01,0
FX_EDGE2,124.75.25.149,epg,R2PLUS,10.1,128GB,16GB,2.33GHz*4,epg:2.1,EPG:IPTV-MEM-V100R003C60LSHD01,0
FX_EDGE2,218.83.164.201,hms,R2PLUS,10.1,9313GB,16GB,2.33GHz*4,hms: V1.03,HMS:V100R003C06B635SPC012,0
FX_EDGE2,218.83.164.202,hms,R2PLUS,10.1,9313GB,16GB,2.33GHz*4,hms: V1.03,HMS:V100R003C06B635SPC012,0
FX_EDGE2,218.83.164.203,hms,R2PLUS,10.1,9313GB,16GB,2.33GHz*4,hms: V1.03,HMS:V100R003C06B635SPC012,0
FX_EDGE2,218.83.164.204,hms,R2PLUS,10.1,9313GB,16GB,2.33GHz*4,hms: V1.03,HMS:V100R003C06B635SPC012,0
FX_EDGE2,218.83.164.205,hms,R2PLUS,10.1,9313GB,16GB,2.33GHz*4,hms: V1.03,HMS:V100R003C06B635SPC012,0
FX_EDGE3,10.192.85.201,hms,R3,11.1,27909GB,47GB,2.40GHz*8,---,HMS:V100R003C06B635SPC012,0
FX_EDGE3,10.192.85.202,hms,R3,11.1,28139GB,47GB,2.40GHz*8,---,HMS:V100R003C06B635SPC012,0
FX_EDGE4,10.192.85.233,hms,R3,11.1,27909GB,47GB,2.40GHz*8,---,HMS:V100R003C06B635SPC012,0
FX_EDGE4,10.192.85.234,hms,R3,11.1,28139GB,31GB,2.40GHz*8,---,HMS:V100R003C06B635SPC012,0
SUB7_ZQ,10.192.99.137,hms,R3,11.1,55853GB,47GB,2.40GHz*8,---,HMS:V100R003C06B635SPC012,0
SUB7_ZQ,10.192.99.138,hms,R3,11.1,56083GB,47GB,2.40GHz*8,---,HMS:V100R003C06B635SPC012,0
SUB7_ZQ,218.83.191.164,rrs,R2PLUS,10.1,128GB,8GB,2.33GHz*4,---,RRS:V100R003C06B635SPC011,0
SUB7_ZQ,218.83.191.165,rrs,R2PLUS,10.1,128GB,8GB,2.33GHz*4,---,RRS:V100R003C06B635SPC011,0
SUB7_ZQ,218.83.191.172,hms,R2PLUS,10.1,9195GB,16GB,2.33GHz*4,hms: V1.03,HMS:V100R003C06B635SPC012,0
SUB7_ZQ,218.83.191.173,hms,R2PLUS,10.1,9195GB,16GB,2.33GHz*4,hms: V1.03,HMS:V100R003C06B635SPC012,0
SUB7_ZQ,218.83.191.174,hms,R2PLUS,10.1,9313GB,16GB,2.33GHz*4,hms: V1.03,HMS:V100R003C06B635SPC012,0
SUB7_ZQ,218.83.191.175,hms,R2PLUS,10.1,9313GB,16GB,2.33GHz*4,hms: V1.03,HMS:V100R003C06B635SPC012,0
SUB7_ZQ,218.83.191.176,hms,R2PLUS,10.1,9313GB,16GB,2.33GHz*4,hms: V1.03,HMS:V100R003C06B635SPC012,0
SUB7_ZQ,218.83.191.177,hms,R2PLUS,10.1,9443GB,16GB,2.33GHz*4,hms: V1.03,HMS:V100R003C06B635SPC012,0
SUB7_ZQ,218.83.191.186,hms,R2PLUS,10.1,9313GB,16GB,2.33GHz*4,hms: V1.03,HMS:V100R003C06B635SPC012,0
SUB7_ZQ,218.83.191.244,epg,R2PLUS,10.1,128GB,16GB,2.33GHz*4,epg:2.1,EPG:IPTV-MEM-V100R003C60LSHD01,0
SUB7_ZQ,218.83.191.245,epg,R2PLUS,10.1,128GB,16GB,2.33GHz*4,epg:2.1,EPG:IPTV-MEM-V100R003C60LSHD01,0
ZQ_EDGE1,222.68.219.10,hms,R2PLUS,10.1,2789GB,16GB,2.33GHz*4,hms: V1.03,HMS:V100R003C06B635SPC012,0
ZQ_EDGE1,222.68.219.11,hms,R2PLUS,10.1,2789GB,16GB,2.33GHz*4,hms: V1.03,HMS:V100R003C06B635SPC012,0
ZQ_EDGE1,222.68.219.12,hms,R2PLUS,10.1,2789GB,16GB,2.33GHz*4,hms: V1.03,HMS:V100R003C06B635SPC012,0
ZQ_EDGE1,222.68.219.13,hms,R2PLUS,10.1,2789GB,16GB,2.33GHz*4,hms: V1.03,HMS:V100R003C06B635SPC012,0
ZQ_EDGE1,222.68.219.132,epg,R2PLUS,10.1,126GB,16GB,2.33GHz*4,epg:2.1,EPG:IPTV-MEM-V100R003C60LSHD01,0
ZQ_EDGE1,222.68.219.133,epg,R2PLUS,10.1,126GB,16GB,2.33GHz*4,epg:2.1,EPG:IPTV-MEM-V100R003C60LSHD01,0
ZQ_EDGE1,222.68.219.14,hms,R2PLUS,10.1,2789GB,16GB,2.33GHz*4,hms: V1.03,HMS:V100R003C06B635SPC012,0
ZQ_EDGE1,222.68.219.9,hms,R2PLUS,10.1,2789GB,16GB,2.33GHz*4,hms: V1.03,HMS:V100R003C06B635SPC012,0
ZQ_EDGE2,222.68.219.148,epg,R2PLUS,10.1,126GB,16GB,2.33GHz*4,epg:2.1,EPG:IPTV-MEM-V100R003C60LSHD01,0
ZQ_EDGE2,222.68.219.149,epg,R2PLUS,10.1,126GB,16GB,2.33GHz*4,epg:2.1,EPG:IPTV-MEM-V100R003C60LSHD01,0
ZQ_EDGE2,222.68.219.73,hms,R2PLUS,10.1,2789GB,16GB,2.33GHz*4,hms: V1.03,HMS:V100R003C06B635SPC012,0
ZQ_EDGE2,222.68.219.74,hms,R2PLUS,10.1,2789GB,16GB,2.33GHz*4,hms: V1.03,HMS:V100R003C06B635SPC012,0
ZQ_EDGE2,222.68.219.75,hms,R2PLUS,10.1,2789GB,16GB,2.13GHz*4,hms: V1.03,HMS:V100R003C06B635SPC012,0
ZQ_EDGE2,222.68.219.76,hms,R2PLUS,10.1,2789GB,16GB,2.33GHz*4,hms: V1.03,HMS:V100R003C06B635SPC012,0
ZQ_EDGE2,222.68.219.77,hms,R2PLUS,10.1,2789GB,16GB,2.33GHz*4,hms: V1.03,HMS:V100R003C06B635SPC012,0
ZQ_EDGE2,222.68.219.78,hms,R2PLUS,10.1,2789GB,16GB,2.33GHz*4,hms: V1.03,HMS:V100R003C06B635SPC012,0
ZQ_EDGE2,222.68.219.87,hms,R2PLUS,11.1,9307GB,15GB,2.33GHz*4,---,HMS:V100R003C06B635SPC012,0
ZQ_EDGE2,222.68.219.88,hms,R2PLUS,10.1,9313GB,16GB,2.33GHz*4,hms: V1.03,HMS:V100R003C06B635SPC012,0
ZQYN_EDGE1,10.192.81.41,hms,R3,11.1,27909GB,47GB,2.40GHz*8,hms: V1.03,HMS:V100R003C06B635SPC012,0
ZQYN_EDGE1,10.192.81.42,hms,R3,11.1,28139GB,47GB,2.40GHz*8,hms: V1.03,HMS:V100R003C06B635SPC012,0
ZQYN_EDGE1,10.192.81.43,hms,R3,11.1,27909GB,47GB,2.40GHz*8,hms: V1.03,HMS:V100R003C06B635SPC012,0
ZQYN_EDGE1,10.192.81.44,hms,R3,11.1,28139GB,47GB,2.40GHz*8,hms: V1.03,HMS:V100R003C06B635SPC012,0
ZQYN_EDGE1,101.95.64.41,epg,R3,11.1,222GB,23GB,2.40GHz*8,epg:2.1,EPG:IPTV-MEM-V100R003C60LSHD01,0
ZQYN_EDGE1,101.95.64.42,epg,R3,11.1,222GB,23GB,2.40GHz*8,epg:2.1,EPG:IPTV-MEM-V100R003C60LSHD01,0
ZQYN_EDGE2,10.192.81.73,hms,R3,11.1,27909GB,47GB,2.40GHz*8,hms: V1.03,HMS:V100R003C06B635SPC012,0
ZQYN_EDGE2,10.192.81.74,hms,R3,11.1,28139GB,47GB,2.40GHz*8,hms: V1.03,HMS:V100R003C06B635SPC012,0
ZQYN_EDGE2,10.192.81.75,hms,R3,11.1,27909GB,47GB,2.40GHz*8,hms: V1.03,HMS:V100R003C06B635SPC012,0
ZQYN_EDGE2,10.192.81.76,hms,R3,11.1,28139GB,47GB,2.40GHz*8,hms: V1.03,HMS:V100R003C06B635SPC012,0
ZQYN_EDGE2,101.95.64.73,epg,R3,11.1,222GB,23GB,2.40GHz*8,epg:2.1,EPG:IPTV-MEM-V100R003C60LSHD01,0
ZQYN_EDGE2,101.95.64.74,epg,R3,11.1,222GB,23GB,2.40GHz*8,epg:2.1,EPG:IPTV-MEM-V100R003C60LSHD01,0
ZQYN_EDGE3,10.192.82.201,hms,R3,11.1,27909GB,47GB,2.40GHz*8,hms: V1.03,HMS:V100R003C06B635SPC012,0
ZQYN_EDGE3,10.192.82.202,hms,R3,11.1,28139GB,47GB,2.40GHz*8,hms: V1.03,HMS:V100R003C06B635SPC012,0
ZQYN_EDGE3,10.192.82.203,hms,R3,11.1,27909GB,47GB,2.40GHz*8,hms: V1.03,HMS:V100R003C06B635SPC012,0
ZQYN_EDGE3,10.192.82.204,hms,R3,11.1,28139GB,47GB,2.40GHz*8,hms: V1.03,HMS:V100R003C06B635SPC012,0
ZQYN_EDGE3,101.95.76.121,epg,R3,11.1,221GB,23GB,2.40GHz*8,epg:2.1,EPG:IPTV-MEM-V100R003C60LSHD01,0
ZQYN_EDGE3,101.95.76.122,epg,R3,11.1,221GB,23GB,2.40GHz*8,epg:2.1,EPG:IPTV-MEM-V100R003C60LSHD01,0
SUB8_PD2,10.192.82.169,hms,R3,11.1,37214GB,47GB,2.40GHz*8,hms: V1.03,HMS:V100R003C06B635SPC012,0
SUB8_PD2,10.192.82.170,hms,R3,11.1,28138GB,47GB,2.40GHz*8,hms: V1.03,HMS:V100R003C06B635SPC012,0
SUB8_PD2,10.192.82.177,rrs,R3,10.1,207GB,23GB,2.40GHz*8,---,RRS:V100R003C06B635SPC011,0
SUB8_PD2,10.192.82.178,rrs,R3,10.1,207GB,23GB,2.40GHz*8,---,RRS:V100R003C06B635SPC011,0
SUB8_PD2,10.192.82.180,hms,R3,11.1,55853GB,47GB,2.40GHz*8,---,HMS:V100R003C06B635SPC012,0
SUB8_PD2,10.192.82.181,hms,R3,11.1,56083GB,31GB,2.40GHz*8,---,HMS:V100R003C06B635SPC012,0
SUB8_PD2,101.95.76.103,epg,R3,11.1,222GB,23GB,2.40GHz*8,epg:2.1,EPG:IPTV-MEM-V100R003C60LSHD01,0
SUB8_PD2,101.95.76.104,epg,R3,11.1,222GB,23GB,2.40GHz*8,epg:2.1,EPG:IPTV-MEM-V100R003C60LSHD01,0
PD_EDGE7,10.192.82.10,hms,R3,11.1,28140GB,47GB,2.40GHz*8,hms: V1.03,HMS:V100R003C06B635SPC012,0
PD_EDGE7,10.192.82.11,hms,R3,11.1,27910GB,47GB,2.40GHz*8,hms: V1.03,HMS:V100R003C06B635SPC012,0
PD_EDGE7,10.192.82.12,hms,R3,11.1,28140GB,47GB,2.40GHz*8,hms: V1.03,HMS:V100R003C06B635SPC012,0
PD_EDGE7,10.192.82.9,hms,R3,11.1,27910GB,47GB,2.40GHz*8,hms: V1.03,HMS:V100R003C06B635SPC012,0
PD_EDGE7,101.95.76.10,epg,R3,11.1,222GB,23GB,2.40GHz*8,epg:2.1,EPG:IPTV-MEM-V100R003C60LSHD01,0
PD_EDGE7,101.95.76.9,epg,R3,11.1,222GB,23GB,2.40GHz*8,epg:2.1,EPG:IPTV-MEM-V100R003C60LSHD01,0
PD_EDGE8,10.192.82.41,hms,R3,11.1,27893GB,47GB,2.40GHz*8,hms: V1.03,HMS:V100R003C06B635SPC012,0
PD_EDGE8,10.192.82.42,hms,R3,11.1,28123GB,47GB,2.40GHz*8,hms: V1.03,HMS:V100R003C06B635SPC012,0
PD_EDGE8,10.192.82.43,hms,R3,11.1,27893GB,47GB,2.40GHz*8,hms: V1.03,HMS:V100R003C06B635SPC012,0
PD_EDGE8,10.192.82.44,hms,R3,11.1,28123GB,47GB,2.40GHz*8,hms: V1.03,HMS:V100R003C06B635SPC012,0
PD_EDGE8,101.95.76.25,epg,R3,11.1,222GB,23GB,2.40GHz*8,epg:2.1,EPG:IPTV-MEM-V100R003C60LSHD01,0
PD_EDGE8,101.95.76.26,epg,R3,11.1,222GB,23GB,2.40GHz*8,epg:2.1,EPG:IPTV-MEM-V100R003C60LSHD01,0
PD_EDGE9,10.192.82.73,hms,R3,11.1,27910GB,47GB,2.40GHz*8,hms: V1.03,HMS:V100R003C06B635SPC012,0
PD_EDGE9,10.192.82.74,hms,R3,11.1,28140GB,47GB,2.40GHz*8,hms: V1.03,HMS:V100R003C06B635SPC012,0
PD_EDGE9,10.192.82.75,hms,R3,11.1,27910GB,47GB,2.40GHz*8,hms: V1.03,HMS:V100R003C06B635SPC012,0
PD_EDGE9,10.192.82.76,hms,R3,11.1,28140GB,47GB,2.40GHz*8,hms: V1.03,HMS:V100R003C06B635SPC012,0
PD_EDGE9,101.95.76.41,epg,R3,11.1,222GB,23GB,2.40GHz*8,epg:2.1,EPG:IPTV-MEM-V100R003C60LSHD01,0
PD_EDGE9,101.95.76.42,epg,R3,11.1,222GB,23GB,2.40GHz*8,epg:2.1,EPG:IPTV-MEM-V100R003C60LSHD01,0
PD_EDGE10,10.192.82.105,hms,R3,11.1,27910GB,47GB,2.40GHz*8,hms: V1.03,HMS:V100R003C06B635SPC012,0
PD_EDGE10,10.192.82.106,hms,R3,11.1,28140GB,47GB,2.40GHz*8,hms: V1.03,HMS:V100R003C06B635SPC012,0
PD_EDGE10,10.192.82.107,hms,R3,11.1,27910GB,47GB,2.40GHz*8,hms: V1.03,HMS:V100R003C06B635SPC012,0
PD_EDGE10,10.192.82.108,hms,R3,11.1,28140GB,47GB,2.40GHz*8,hms: V1.03,HMS:V100R003C06B635SPC012,0
PD_EDGE10,101.95.76.57,epg,R3,11.1,222GB,23GB,2.40GHz*8,epg:2.1,EPG:IPTV-MEM-V100R003C60LSHD01,0
PD_EDGE10,101.95.76.58,epg,R3,11.1,222GB,23GB,2.40GHz*8,epg:2.1,EPG:IPTV-MEM-V100R003C60LSHD01,0
SUB9_NQ2,10.192.83.10,hms,R3,11.1,28122GB,47GB,2.40GHz*8,hms: V1.03,HMS:V100R003C06B635SPC012,0
SUB9_NQ2,10.192.83.15,rrs,R3,10.1,207GB,23GB,2.40GHz*8,---,RRS:V100R003C06B635SPC011,0
SUB9_NQ2,10.192.83.16,rrs,R3,10.1,207GB,23GB,2.40GHz*8,---,RRS:V100R003C06B635SPC011,0
SUB9_NQ2,10.192.83.18,hms,R3,11.1,55853GB,47GB,2.40GHz*8,---,HMS:V100R003C06B635SPC012,0
SUB9_NQ2,10.192.83.19,hms,R3,11.1,56083GB,47GB,2.40GHz*8,---,HMS:V100R003C06B635SPC012,0
SUB9_NQ2,10.192.83.9,hms,R3,11.1,37197GB,47GB,2.40GHz*8,hms: V1.03,HMS:V100R003C06B635SPC012,0
SUB9_NQ2,101.95.76.167,epg,R3,11.1,207GB,23GB,2.40GHz*8,epg:2.1,EPG:IPTV-MEM-V100R003C60LSHD01,0
SUB9_NQ2,101.95.76.168,epg,R3,11.1,207GB,16GB,2.40GHz*8,epg:2.1,EPG:IPTV-MEM-V100R003C60LSHD01,0
NQZJB_EDGE1,10.192.81.10,hms,R3,11.1,28139GB,47GB,2.40GHz*8,hms: V1.03,HMS:V100R003C06B635SPC012,0
NQZJB_EDGE1,10.192.81.9,hms,R3,11.1,27909GB,47GB,2.40GHz*8,hms: V1.03,HMS:V100R003C06B635SPC012,0
NQZJB_EDGE1,101.95.64.7,epg,R3,11.1,222GB,23GB,2.40GHz*8,epg:2.1,EPG:IPTV-MEM-V100R003C60LSHD01,0
NQZJB_EDGE2,10.192.83.41,hms,R3,11.1,27909GB,47GB,2.40GHz*8,hms: V1.03,HMS:V100R003C06B635SPC012,0
NQZJB_EDGE2,10.192.83.42,hms,R3,11.1,28139GB,47GB,2.40GHz*8,hms: V1.03,HMS:V100R003C06B635SPC012,0
NQZJB_EDGE2,10.192.83.43,hms,R3,11.1,27909GB,47GB,2.40GHz*8,hms: V1.03,HMS:V100R003C06B635SPC012,0
NQZJB_EDGE2,10.192.83.44,hms,R3,11.1,28139GB,47GB,2.40GHz*8,hms: V1.03,HMS:V100R003C06B635SPC012,0
NQZJB_EDGE2,101.95.76.185,epg,R3,11.1,207GB,23GB,2.40GHz*8,epg:2.1,EPG:IPTV-MEM-V100R003C60LSHD01,0
NQZJB_EDGE2,101.95.76.186,epg,R3,11.1,207GB,23GB,2.40GHz*8,epg:2.1,EPG:IPTV-MEM-V100R003C60LSHD01,0
JDYC-EDGE1,10.192.85.10,hms,R3,11.1,28139GB,47GB,2.40GHz*8,---,HMS:V100R003C06B635SPC012,0
JDYC-EDGE1,10.192.85.11,hms,R3,11.1,27909GB,47GB,2.40GHz*8,---,HMS:V100R003C06B635SPC012,0
JDYC-EDGE1,10.192.85.12,hms,R3,11.1,28139GB,47GB,2.40GHz*8,---,HMS:V100R003C06B635SPC012,0
JDYC-EDGE1,10.192.85.9,hms,R3,11.1,27909GB,47GB,2.40GHz*8,---,HMS:V100R003C06B635SPC012,0
SJFT_EDGE1,10.192.85.105,hms,R3,11.1,27909GB,47GB,2.40GHz*8,---,HMS:V100R003C06B635SPC012,0
SJFT_EDGE1,10.192.85.106,hms,R3,11.1,28139GB,47GB,2.40GHz*8,---,HMS:V100R003C06B635SPC012,0
SJFT_EDGE1,10.192.85.107,hms,R3,11.1,27909GB,47GB,2.40GHz*8,---,HMS:V100R003C06B635SPC012,0
SJFT_EDGE1,10.192.85.108,hms,R3,11.1,27208GB,47GB,2.40GHz*8,---,HMS:V100R003C06B635SPC012,0
CMXXDL_EDGE1,10.192.84.233,hms,R3,11.1,27909GB,47GB,2.40GHz*8,---,HMS:V100R003C06B635SPC012,0
CMXXDL_EDGE1,10.192.84.234,hms,R3,11.1,28139GB,47GB,2.40GHz*8,---,HMS:V100R003C06B635SPC012,0
QPWS_EDGE1,10.192.85.73,hms,R3,11.1,27909GB,47GB,2.40GHz*8,---,HMS:V100R003C06B635SPC012,0
QPWS_EDGE1,10.192.85.74,hms,R3,11.1,28139GB,47GB,2.40GHz*8,---,HMS:V100R003C06B635SPC012,0
QPWS_EDGE1,10.192.85.75,hms,R3,11.1,27909GB,47GB,2.40GHz*8,---,HMS:V100R003C06B635SPC012,0
QPWS_EDGE1,10.192.85.76,hms,R3,11.1,28139GB,47GB,2.40GHz*8,---,HMS:V100R003C06B635SPC012,0
JSZJ_EDGE1,10.192.85.169,hms,R3,11.1,27909GB,47GB,2.40GHz*8,---,HMS:V100R003C06B635SPC012,0
JSZJ_EDGE1,10.192.85.170,hms,R3,11.1,28139GB,47GB,2.40GHz*8,---,HMS:V100R003C06B635SPC012,0
JSZJ_EDGE1,10.192.85.171,hms,R3,11.1,27909GB,47GB,2.40GHz*8,---,HMS:V100R003C06B635SPC012,0
JSZJ_EDGE1,10.192.85.172,hms,R3,11.1,28139GB,47GB,2.40GHz*8,---,HMS:V100R003C06B635SPC012,0
BS_EDGE1,124.75.34.126,epg,R2,11.1,59GB,4GB,2.13GHz*2,epg:2.1,EPG:IPTV-MEM-V100R003C60LSHD01,0
BS_EDGE1,124.75.37.102,epg,---,---,---,---,---,---,---,0
BS_EDGE1,124.75.37.103,epg,---,---,---,---,---,---,---,0
BS_EDGE2,124.75.37.230,epg,---,---,---,---,---,---,---,0
BS_EDGE2,124.75.37.231,epg,---,---,---,---,---,---,---,0
NQ_EDGE1,124.75.39.102,epg,---,---,---,---,---,---,---,0
NQ_EDGE1,124.75.39.103,epg,---,---,---,---,---,---,---,0
NQ_EDGE2,124.75.39.230,epg,---,---,---,---,---,---,---,0
NQ_EDGE2,124.75.39.231,epg,---,---,---,---,---,---,---,0
center_pop,124.75.34.102,oracle,R3,11.1,1045GB,23GB,2.40GHz*8,---,---,0
center_pop,124.75.34.108,oracle,R3,11.1,1045GB,23GB,2.40GHz*8,---,---,0
center_pop,124.75.34.41,i2000 oracle,R3,11.1,207GB,23GB,2.40GHz*8,---,I2000:IPTV_NMS_V100R003C70,0
center_pop,124.75.34.95,oracle,R3,11.1,771GB,23GB,2.40GHz*8,---,---,0
center_pop,127.0.0.1,cacti,R3,11.1,207GB,23GB,2.40GHz*8,---,CACTI:3.0,0
